/*
SQLyog Ultimate v11.11 (64 bit)
MySQL - 5.5.5-10.4.11-MariaDB : Database - db_buen_sabor_lab4
*********************************************************************
*/

/*!40101 SET NAMES utf8 */;

/*!40101 SET SQL_MODE=''*/;

/*!40014 SET @OLD_UNIQUE_CHECKS=@@UNIQUE_CHECKS, UNIQUE_CHECKS=0 */;
/*!40014 SET @OLD_FOREIGN_KEY_CHECKS=@@FOREIGN_KEY_CHECKS, FOREIGN_KEY_CHECKS=0 */;
/*!40101 SET @OLD_SQL_MODE=@@SQL_MODE, SQL_MODE='NO_AUTO_VALUE_ON_ZERO' */;
/*!40111 SET @OLD_SQL_NOTES=@@SQL_NOTES, SQL_NOTES=0 */;
USE `db_buen_sabor_lab4`;

/*Data for the table `articulos` */

insert  into `articulos`(`id`,`nombre`,`nombre_img`,`unidad_medida`,`stock_actual`,`stock_maximo`,`stock_minimo`,`created_at`,`updated_at`,`categoria_id`) values (2,'Coca-Cola 1.5L','Sin imagen','unidad',30,120,30,'2020-06-14 20:28:25','2020-06-15 12:21:16',1),(3,'queso','Sin imagen','kg',0.4,1,0.2,'2020-06-14 21:02:21','2020-06-15 01:06:10',3),(4,'tomate','Sin imagen','kg',12,1,0.2,'2020-06-14 21:02:40','2020-06-15 12:07:41',2),(5,'lechuga','Sin imagen','kg',0,1,0.2,'2020-06-14 21:02:50','2020-06-14 21:02:50',2),(6,'harina','Sin imagen','kg',0,1,0.2,'2020-06-14 21:05:56','2020-06-14 21:05:56',6),(8,'prepizza','Sin imagen','unidad',0,55,10,'2020-06-15 01:25:12','2020-06-15 01:25:12',4),(9,'manteca','Sin imagen','kg',0,1,0.2,'2020-06-15 10:44:29','2020-06-15 10:44:29',6),(10,'carne molida','Sin imagen','kg',2.4000000000000004,1,0.2,'2020-06-15 10:51:06','2020-06-15 14:38:44',7),(11,'huevo','Sin imagen','unidad',11.6,200,20,'2020-06-15 10:56:24','2020-06-15 14:38:44',6),(12,'Andes Origen Lata','Sin imagen','unidad',0,120,30,'2020-06-15 10:59:26','2020-06-15 10:59:26',9),(13,'medallon vacuno 150g','Sin imagen','unidad',14,55,10,'2020-06-15 11:01:57','2020-06-15 14:38:44',8);

/*Data for the table `bebidas` */

insert  into `bebidas`(`id`,`precio`,`created_at`,`updated_at`,`articulo_id`) values (2,120,'2020-06-14 20:28:25','2020-06-14 20:28:25',2),(12,95,'2020-06-15 10:59:26','2020-06-15 10:59:26',12);

/*Data for the table `categoria` */

insert  into `categoria`(`id`,`nombre`,`tipo`,`created_at`,`updated_at`) values (1,'Gaseosas','bebidas','2020-06-14 20:24:40','2020-06-14 20:24:40'),(2,'verduras','insumos','2020-06-14 21:00:04','2020-06-14 21:00:04'),(3,'lacteos','insumos','2020-06-14 21:00:12','2020-06-14 21:00:12'),(4,'prepizzas','semielaborados','2020-06-14 21:00:27','2020-06-14 21:00:27'),(5,'hamburguesas','elaborados','2020-06-14 21:00:43','2020-06-14 21:00:43'),(6,'ingredientes','insumos','2020-06-14 21:03:52','2020-06-14 21:03:52'),(7,'carnes','insumos','2020-06-15 10:49:50','2020-06-15 10:49:50'),(8,'medallones','semielaborados','2020-06-15 10:51:43','2020-06-15 10:51:43'),(9,'con alcohol','bebidas','2020-06-15 10:58:23','2020-06-15 10:58:23');

/*Data for the table `detalle__pedidos` */

/*Data for the table `detalle__venta` */

/*Data for the table `detalle_elaborados` */

insert  into `detalle_elaborados`(`id`,`cantidad`,`created_at`,`updated_at`,`elaborado_id`,`articulo_id`) values (1,0.1,'2020-06-14 21:11:46','2020-06-14 21:11:46',1,3),(2,0.05,'2020-06-14 21:11:46','2020-06-14 21:11:46',1,4),(3,0.05,'2020-06-14 21:11:46','2020-06-14 21:11:46',1,5);

/*Data for the table `detalle_semielaborados` */

insert  into `detalle_semielaborados`(`id`,`cantidad`,`created_at`,`updated_at`,`insumo_id`,`semielaborado_id`) values (3,0.5,'2020-06-15 01:25:12','2020-06-15 01:25:12',1,8),(4,0.1,'2020-06-15 01:25:12','2020-06-15 01:25:12',4,8),(5,0.15,'2020-06-15 11:01:57','2020-06-15 11:01:57',10,13),(6,0.1,'2020-06-15 11:01:57','2020-06-15 11:01:57',11,13);

/*Data for the table `domicilios` */

/*Data for the table `elaborados` */

insert  into `elaborados`(`id`,`nombre`,`precio`,`nombre_img`,`detalle`,`tiempo_elaboracion`,`es_catalogo`,`created_at`,`updated_at`,`categoria_id`) values (1,'hamburguesa completa',300,'Sin imagen',NULL,NULL,1,'2020-06-14 21:11:46','2020-06-14 21:11:46',5);

/*Data for the table `existencia` */

insert  into `existencia`(`id`,`cantidad`,`costo_por_unidad`,`fecha_vencimiento`,`created_at`,`updated_at`,`articulo_id`) values (49,15,40,'2020-06-25 00:00:00','2020-06-15 12:20:28','2020-06-15 12:20:28',2),(50,2,40,'2020-06-25 00:00:00','2020-06-15 13:03:25','2020-06-15 13:03:25',13),(51,2,40,'2020-06-25 00:00:00','2020-06-15 13:08:05','2020-06-15 13:08:05',13),(52,2,40,'2020-06-25 00:00:00','2020-06-15 13:08:31','2020-06-15 13:08:31',13),(53,2,40,'2020-06-25 00:00:00','2020-06-15 13:12:02','2020-06-15 13:12:02',13),(54,2,40,'2020-06-25 00:00:00','2020-06-15 13:13:37','2020-06-15 13:13:37',13),(55,2,40,'2020-06-25 00:00:00','2020-06-15 13:14:40','2020-06-15 13:14:40',13),(56,2,40,'2020-06-25 00:00:00','2020-06-15 13:15:03','2020-06-15 13:15:03',13),(57,2,40,'2020-06-25 00:00:00','2020-06-15 13:15:35','2020-06-15 13:15:35',13),(58,2,40,'2020-06-25 00:00:00','2020-06-15 13:16:35','2020-06-15 13:16:35',13),(59,2,40,'2020-06-25 00:00:00','2020-06-15 13:17:21','2020-06-15 13:17:21',13),(60,2,40,'2020-06-25 00:00:00','2020-06-15 13:17:56','2020-06-15 13:17:56',13),(61,2,40,'2020-06-25 00:00:00','2020-06-15 13:18:20','2020-06-15 13:18:20',13),(62,2,40,'2020-06-25 00:00:00','2020-06-15 13:18:50','2020-06-15 13:18:50',13),(63,2,40,'2020-06-25 00:00:00','2020-06-15 13:19:47','2020-06-15 13:19:47',13),(64,2,40,'2020-06-25 00:00:00','2020-06-15 13:22:47','2020-06-15 13:22:47',13),(65,2,40,'2020-06-25 00:00:00','2020-06-15 13:28:23','2020-06-15 13:28:23',13),(66,2,40,'2020-06-25 00:00:00','2020-06-15 13:28:42','2020-06-15 13:28:42',13),(67,2,40,'2020-06-25 00:00:00','2020-06-15 13:29:09','2020-06-15 13:29:09',13),(68,2,40,'2020-06-25 00:00:00','2020-06-15 13:29:25','2020-06-15 13:29:25',13),(69,2,40,'2020-06-25 00:00:00','2020-06-15 13:30:43','2020-06-15 13:30:43',13),(70,2,40,'2020-06-25 00:00:00','2020-06-15 13:32:22','2020-06-15 13:32:22',13),(71,2,40,'2020-06-25 00:00:00','2020-06-15 13:32:38','2020-06-15 13:32:38',13),(72,2,40,'2020-06-25 00:00:00','2020-06-15 13:33:02','2020-06-15 13:33:02',13),(77,1,40,'2020-06-25 00:00:00','2020-06-15 14:32:24','2020-06-15 14:32:24',13),(78,1,40,'2020-06-25 00:00:00','2020-06-15 14:32:51','2020-06-15 14:32:51',13),(79,1,40,'2020-06-25 00:00:00','2020-06-15 14:33:12','2020-06-15 14:33:12',13),(80,1,40,'2020-06-25 00:00:00','2020-06-15 14:33:55','2020-06-15 14:33:55',13);

/*Data for the table `facturas` */

/*Data for the table `insumos` */

insert  into `insumos`(`id`,`created_at`,`updated_at`,`articulo_id`) values (1,'2020-06-14 21:02:21','2020-06-14 21:02:21',3),(4,'2020-06-14 21:02:40','2020-06-14 21:02:40',4),(5,'2020-06-14 21:02:50','2020-06-14 21:02:50',5),(6,'2020-06-14 21:05:56','2020-06-14 21:05:56',6),(9,'2020-06-15 10:44:29','2020-06-15 10:44:29',9),(10,'2020-06-15 10:51:06','2020-06-15 10:51:06',10),(11,'2020-06-15 10:56:24','2020-06-15 10:56:24',11);

/*Data for the table `localidads` */

/*Data for the table `oferta` */

insert  into `oferta`(`id`,`porcentaje_descuento`,`created_at`,`updated_at`,`elaborado_id`,`bebida_id`) values (2,25,'2020-06-14 20:53:48','2020-06-14 20:53:48',NULL,2),(4,15,'2020-06-14 21:18:06','2020-06-14 21:18:06',1,NULL);

/*Data for the table `pais` */

/*Data for the table `pedidos` */

/*Data for the table `provincia` */

/*Data for the table `semielaborados` */

insert  into `semielaborados`(`id`,`costo_fabricacion`,`created_at`,`updated_at`,`articulo_id`) values (8,17.5,'2020-06-15 01:25:12','2020-06-15 01:25:12',8),(13,17.5,'2020-06-15 11:01:57','2020-06-15 11:01:57',13);

/*Data for the table `usuarios` */

/*Data for the table `venta` */

/*!40101 SET SQL_MODE=@OLD_SQL_MODE */;
/*!40014 SET FOREIGN_KEY_CHECKS=@OLD_FOREIGN_KEY_CHECKS */;
/*!40014 SET UNIQUE_CHECKS=@OLD_UNIQUE_CHECKS */;
/*!40111 SET SQL_NOTES=@OLD_SQL_NOTES */;
